Model,R2 Score Train,MSE Train,RMSE Train,MAE Train,R2 Score Validation,MSE Validation,RMSE Validation,MAE Validation,R2 Score Test,MSE Test,RMSE Test,MAE Test
Decision Tree Regressor,0.9917566957405923,3.940402971731975,1.9850448286454327,0.21409852496986279,-0.30653137210221293,623.8839015642798,24.977668056972007,17.243364721247936,-0.23530277555394674,601.4701269332616,24.52488790867884,16.827023525098916
Polynomial Regression,0.04605830473391903,455.99611182562677,21.35406546364478,16.998249066011095,0.0399248303815406,458.44704184393123,21.41137645841414,17.039753759960327,0.052317119521687494,461.42771933638954,21.480868682071254,17.12996509166612
Lasso Regression,0.007400905609184383,474.47483414340275,21.782443254681112,17.305483795260546,0.007883642924698453,473.7470809154487,21.76573180289256,17.26492176467576,0.007646329790263473,483.1779704502674,21.981309570866504,17.472989425619936
Ridge Regression,0.04605770063554282,455.99640059223805,21.354072225040312,16.998307602320097,0.03992810824954429,458.44547662389704,21.411339907252348,17.0394715713122,0.05231017186224829,461.43110215855063,21.48094742227518,17.129678033478562
Elastic Net Regression,0.007831741118630053,474.2688893586024,21.777715430196125,17.299506969671594,0.00811707101546788,473.6356162915494,21.76317109916543,17.26290253848956,0.00794027041899159,483.03485047128686,21.978053837209675,17.470258805997627
Random Forest Regressor,0.9031069638424811,46.31608825787267,6.805592425195082,4.8596783107660135,0.3313199373008954,319.30249462263026,17.869037316616424,13.020716854364371,0.3501714705864807,316.4021451307225,17.787696453749216,13.048013726174295
